{"acc": 0.140625, "loss": 2.1096012592315674, "_runtime": 706, "_timestamp": 1619936433, "_step": 1562}