{"acc": 0.390625, "loss": 0.5266053676605225, "_runtime": 6625, "_timestamp": 1619889127, "_step": 15629}