{"acc": 0.2421875, "loss": 1.6728869676589966, "_runtime": 802, "_timestamp": 1619825562, "_step": 1562}