{"acc": 0.609375, "loss": 1.16190505027771, "_runtime": 48, "_timestamp": 1619913332, "_step": 46}