{"acc": 0.1796875, "loss": 2.2120251655578613, "_runtime": 723, "_timestamp": 1619916648, "_step": 1562}