{"acc": 0.6484375, "loss": 0.8349776864051819, "_runtime": 4428, "_timestamp": 1619977243, "_step": 15248}