{"acc": 0.3984375, "loss": 0.4459358751773834, "_runtime": 14768, "_timestamp": 1619840796, "_step": 26570}