{"acc": 0.203125, "loss": 1.8456090688705444, "_runtime": 715, "_timestamp": 1619935471, "_step": 1562}