{"acc": 0.0859375, "loss": 2.5102901458740234, "_runtime": 364, "_timestamp": 1619808994, "_step": 781}