{"acc": 0.21875, "loss": 1.9013711214065552, "_runtime": 718, "_timestamp": 1619917605, "_step": 1562}