{"acc": 0.2109375, "loss": 1.793264627456665, "_runtime": 716, "_timestamp": 1619934637, "_step": 1562}