{"acc": 0.2421875, "loss": 0.2159886360168457, "_runtime": 9923, "_timestamp": 1619819077, "_step": 19549}