{"acc": 0.390625, "loss": 0.5394340753555298, "_runtime": 7730, "_timestamp": 1619972470, "_step": 15629}